<?xml version="1.0" encoding="utf-8" ?>
<root>
  <FirstNames newTitle=" Don't Rattle Me Bones">
    <value>John</value>
    <value>Fred</value>
    <value>Elf Man</value>
    <value> Dumbletor</value>
    <value>HansZimmerman</value>
    <value>Squidward</value>
    <value>Toothbrush</value>
    <value>Brad</value>
    <value>NanaLan</value>
    <value>Biscuts</value>
    <value>boo-sey</value>
  </FirstNames>
  <LastNames>
    <value>Vantas</value>
    <value>Montana</value>
    <value>TreeBorne</value>
    <value>The grinch</value>
    <value>cortana</value>
    <value>MilkDuds</value>
    <value>ARMSTRONG</value>
    <value>Cage</value>
  </LastNames>

</root>
