{
 
 "Level0Quests": [
   
    
   {
   	   "Name": "QuestONE",
	   "Description": "Quest one description",
	   // Checks
	   "Allegiance": " Tinkerer",
	   "Rival": "Creatures",
	   "Length":2,
	   
   },

   
   {  
      "Name": "QuestTwo",
	   "Description": "Quest Two description",
	   // Checks
	   "Allegiance": " Tinkerer",
	   "Rival": "Creatures",
	   "Length":3
   }, 

    
   {  
     "Name": "QuestThree",
	   "Description": "Quest 3 description",
	   // Checks
	   "Allegiance": "Betterment",
	   "Rival": "Defenders",
	   "Length":4
   },

    
   {  
      "Name": "QuestFour",
	   "Description": "Quest 4, it's description, and life",
	   // Checks
	   "Allegiance": "Defenders",
	   "Rival": "Tinkerers",
	   "Length":2
   }, 

    
   {  
       "Name": "QuestFive",
	   "Description": "Quest 5 mombo combo",
	   // Checks
	   "Allegiance": "Betterment",
	   "Rival": "Defenders",
	   "Length":4
   },

   
   {  
   "Name": "Kronk",
	   "Description": "Getting Kronk with krunk",
	   // Checks
	   "Allegiance": "Betterment",
	   "Rival": "Defenders",
	   "Length":2
   },


   {  
     "Name": "OneTwo",
	   "Description": "Buckle A shoe",
	   // Checks
	   "Allegiance": "Betterment",
	   "Rival": "Defenders",
	   "Length":1
   }

   ],

  "Level1Quests":
  [
       
	   { "Name": "A level one quest",
	   "Description": "You should not see this",
	   // Checks
	   "Allegiance": "Error",
	   "Rival": "Happiness",
	   "Length":1
	   }
  ]

  }
