{


"Dragonbite":
   {
          "Name": "Dragonbite",
        "Red": 2,
		"Yellow": 0,
		"Blue":0,
		"Green": 0,
       "Flavor": "Classic",  
	   "Correct Price": 5,
	   "Mix Up Price": 2
      
   },

   "Goldfire":
   {
          "Name": "Goldfire",
        "Red": 2,
		"Yellow": 1,
		"Blue":0,
		"Green": 0,
       "Flavor": "Sweet",  
	   "Correct Price": 10,
	   "Mix Up Price": 5
   },

   "Flare":
   {
          "Name": "Flare",
        "Red": 1,
		"Yellow": 2,
		"Blue":0,
		"Green": 0,
       "Flavor": "Sweet",  
	   "Correct Price": 10,
	   "Mix Up Price": 5
   },

   "Solarburst":
   {
          "Name": "Solarburst",
        "Red": 0,
		"Yellow": 2,
		"Blue":0,
		"Green": 0,
       "Flavor": "Classic",  
	   "Correct Price": 10,
	   "Mix Up Price": 5
   },

    "Dewfire":
   {
          "Name": "Dewfire",
        "Red": 2,
		"Yellow": 0,
		"Blue": 0,
		"Green": 1,
       "Flavor": "Bitter",  
	   "Correct Price": 10,
	   "Mix Up Price":5
      
   },

   "Boomshine":
   {
          "Name": "Boomshine",
        "Red": 2,
		"Yellow": 1,
		"Blue": 0,
		"Green": 1,
       "Flavor": "Strong",
	   "Correct Price": 15,
	   "Mix Up Price": 10
   },

    "Faded Glory": {
        "Name": "Faded Glory",
        "Red": 1,
        "Yellow": 2,
        "Blue": 1,
        "Green": 1,
        "Flavor": "Strong",
        "Correct Price": 15,
        "Mix Up Price": 10
    },

    "Father Thyme": {
        "Name": "Father Thyme",
        "Red": 1,
        "Yellow": 0,
        "Blue": 0,
        "Green": 2,
        "Flavor": "Sweet",
        "Correct Price": 10,
        "Mix Up Price": 5
    },

    "Morning Dew": {
        "Name": "Morning Dew",
        "Red": 1,
        "Yellow": 0,
        "Blue": 1,
        "Green": 2,
        "Flavor": "Strong",
        "Correct Price": 15,
        "Mix Up Price": 10
    },

    "Twicler's Greed":
   {
          "Name": "Twicler's Greed",
        "Red": 2,
		"Yellow": 1,
		"Blue": 0,
		"Green": 1,
       "Flavor": "Strong",
	   "Correct Price": 15,
	   "Mix Up Price": 10
   },

    "Twilight":
   {
          "Name": "Twilight",
        "Red": 0,
		"Yellow": 1,
		"Blue": 2,
		"Green": 0,
       "Flavor": "Sweet",
	   "Correct Price": 15,
	   "Mix Up Price": 10
   },

    "Brinewater":
   {
          "Name": "Brinewater",
        "Red": 0,
		"Yellow": 0,
		"Blue": 0,
		"Green": 2,
       "Flavor": "Classic",
	   "Correct Price": 5,
	   "Mix Up Price": 3
   },

    "Mint to Be":
   {
          "Name": "Mint to Be",
        "Red": 0,
		"Yellow": 0,
		"Blue": 1,
		"Green": 2,
       "Flavor": "Strong",
	   "Correct Price": 15,
	   "Mix Up Price": 10
   },

    "Water":
   {
          "Name": "Water",
        "Red": 0,
		"Yellow": 0,
		"Blue": 2,
		"Green": 1,
       "Flavor": "Sweet",
	   "Correct Price": 10,
	   "Mix Up Price": 5
   },

    "Sweetwater":
   {
          "Name": "Sweetwater",
        "Red": 0,
		"Yellow": 0,
		"Blue": 2,
		"Green": 0,
       "Flavor": "Strong",
	   "Correct Price": 5,
	   "Mix Up Price": 3
   }

}
