{


   "Hello":
	{
	"Warrior" : ["HI", "Hello" , "Greetings", " Hi there barkeep", "Ahoy barkeep" ],
     "Rogue " : ["...", "Yo", "Hi", "*smirk", "Sup" ],
    "Wizard" : ["Greetings", "Eh he he he", "A warm wizard welcome", "HOI"],
    "Bard" : ["*does a jig" , "Hello", "*toodles recorder", "Doot"]
	},

    "Talk": 
	{
		"Warrior" : ["Warrior Says Hi" , "Hi There", " Warrior says Hi 3"],
		"Rouge" : ["Stealing hearts and money" ,  " Get Money" , "I know what I'm sayin'?"],
		"Wizard" : [ "I can drink Gandalf under the table ", "Tycho is a good band", " Flipendo" , " I came out with a new blur album"],
		"Bard" : [" I Feel A drinky", "We got the power to do that" , "Tidings and such" , "* Tootles a mean c# on their recorder"] ,
		
	},

	"Rumor":  
	{
	 "Warrior" : ["Figgured you would wanna know about this" , " I'm honor bound to tell you" , "Pssssst" ],
     "Rogue " : ["Yea, heard about something you might find... intersting", " Look into this please" ],
    "Wizard" : ["Spelling BEE ", "Music make me loose control", "Post this please"],
    "Bard" : [" Tootle" , " *Recorder noises", "you can tune a piano, but you cant tune a chip"]
	},
	
	
	"Drink": 
	{
	 "Warrior" : ["Drinkenstein's monster only makes sense if it's a beer stein", "*Drinking sound" , "Some days, you just get no sleep" ],
     "Rogue " : ["I can still feel the weight of my sins, ale please", "Roube is a hard job", " Cheeseburger and Paradise" ],
    "Wizard" : ["I prefer a mai tai ", "I sense many spirits here...", "* Their beard gets stuck in the glass", "OOGA CHUGGA is more like it"],
    "Bard" : [" * uses recorder as a straw." , " *blows bubbles in drink with recorder", "I feel like a Newman", "Drunkula"]
	},

	"About drunk": 
	{
	 "Warrior" : ["I dont feel well", "*Sick nasty drinking noises" , "I can't have any more sauce" ],
     "Rogue " : ["No more sins, only pain now", "* Rouge", "Simple meal gave rouge food poisoning " ],
    "Wizard" : ["These winds of magic are unfriendly", "Anyone wanna play horseshoes", "* Thier beard is sticky with drink", "OOOOOOOOG"],
    "Bard" : [" * Plays the recorder upside down" , "I should be barred from drinking ever again", "I feel like an Oldan"]
	},

	"Drunk": 
	{
	 "Warrior" : ["Blarg", "*Sick nasty vomit noises" , "* Asleep" , " drunk Debug Text 4"],
     "Rogue " : ["* out cold", "Debug rouge Drunk 2", "Welcome to the consumption bus " ],
    "Wizard" : ["Dragons", "Wizard debug drunk text 2", "* Thier beard is sticky with sick"],
    "Bard" : [" The sick times are here" , "I should be barred from drinking ever again", "I ..."]
	}, 

	"Go On Quest":
	{
	 "Warrior" : ["Going on a quest", "To Battle!" , "Gotta go fast" , " Not even a little worried", "* incoherent noises" ],
     "Rogue " : ["Spin the wheel", "Money", "Steeling myself to steal myself", "Not even the grinch" ],
    "Wizard" : ["I should have stayed home today", "Zap me some baddies", "* Their beard is ready for adventure", "DumbleDorable"],
    "Bard" : [" Recorders make excelent shivs" , "A song, trickery, ect", "Play me out Tim!"]
	}, 

	"Decline":
	{
	 "Warrior" : ["NOPE", "Gotta give me a little more... " , "Money..." , "You offend me good human"],
     "Rogue " : ["careful my friend", "treasure", "I'm not doing this for my health, you know", " You suck"],
    "Wizard" : ["Ha ha , no!", "Gold is more valuable than death", "* their beard looks displeased", "* sad wizard", "I'll cast a hex on you"],
    "Bard" : [" * shrill musics" , "TIME TO PAY THE PIPER", "No thank you.", "The greatest jest isn't death, it's your offer!" ]
	}, 

	"Accept":
	{
	 "Warrior" : ["Going on a quest", "To Battle!" , "Gotta go fast" , " Not even a little worried", "* incoherent noises" ],
     "Rogue " : ["Spin the wheel", "Money", "Steeling myself to steal myself", "Not even the grinch" ],
    "Wizard" : ["I should have stayed home today", "Zap me some baddies", "* Thier beard is ready for adventure", "DumbleDorable"],
    "Bard" : [" Recorders make excelent shivs" , "A song, trickery, ect", "Play me out Tim!"]
	},

	"Exit":
	{
	"Warrior" : ["Good bye", "I'm Off" , "See ya", " Thank you for your time" ],
     "Rogue " : ["...", "Can't stay here forever", "Leaving", "I'm out" ],
    "Wizard" : ["* they dissapear in a poof of smoke", "Eh he he he", "Gotta go"],
    "Bard" : ["Gotta make more money" , "Tootley doo", "I'm taking this party elsewhere", "Doot doot"]

	},

	"Order":
	{
	"Warrior" : ["What ever is on tap will be good enough", "Ale, if you please" , "It's time for a drink " ],
     "Rogue " : ["I'm good for whatever", "The bottled stuff please", "Nothing too fancy, I got work later", "just a beer for me" ],
    "Wizard" : ["Beer", "BEER", "bErE", "BeRe", "A drank drank for me"],
    "Bard" : ["* RecORDERS a drink" , "don't tire yourself, whatevers fine", "I need an ale"]

	},

	"Special Order":
	{
	"Warrior" : ["I could really go for a", "Ehhhh make me a" , "I could use something fancy, like a" ],
     "Rogue " : ["Something that requires fenesse", "Mix me a drink", "Only the finest ingredients " ],
    "Wizard" : ["Something that burns", "A fine brew if you would", "Witches micro brew"],
    "Bard" : ["Something crafted" , "Something pricey", "TOOOT", "Mix me a drink"]

	},

	"No beer order":
	{
	"Warrior" : ["Something refreshing", "I've sworn off the sauce" , "I gotta stay sober or I'll get pulled over", "The softest of soft drinks", "I'm alergic to fun" ],
     "Rogue " : ["...", "Can't let down my guard, though I will have", "Nothing too beerie for me", "Can't drink, im off the sauce" ],
    "Wizard" : ["Alcohol and fire magic really don't mix", "Just a soda", "Can't drink", "I'm just parched"],
    "Bard" : ["Wet my whistle" , "Wet my Recorder", "I don't want to party to hardy ", "You can afford an apothecary now"]

	},

	"Triumph":
	{
	"Warrior" : ["We Did it!", "Mission complete" , "On to the next task", "Easy job", "Done", "That was a tough one!" ],
     "Rogue " : ["Heh, taken care of", "Easy job boss!", "Jobs done!", "I alwayse finish the job" ],
    "Wizard" : ["Textbook success", "Got it done!", "It was a simple task really"],
    "Bard" : ["They will sing songs of my victory" , "WOOOO", "A fun little task really", "Wreckin' house with my Wrecorder"]

	},

	"Fail":
	{
	"Warrior" : ["I've failed", "Sorry, coulden't get it done" , "I'll get the next one"],
     "Rogue " : ["Mission failed", "Didn't get the job done" , "Sorry boss"],
    "Wizard" : ["I don't know what went wrong", "I failed my job", "*crying", "I cant help you."],
    "Bard" : ["Can't win em all" , "I'm just bad at quests", "Just a bad day, that's all ", "Sorry"]

	}

}


