{
  
 
 "Level0Quests": [
   
    
   {
   	   "Name": "Fight The Bad guy ",
	   "Description": "A rogue bad guy thinks you're not so tough, go fight him and prove you da biggest and da toughest.",
	   "Allegiance": "Tinkerer",
	   "Rival": "Creatures",
	   "Length":5,
	   "Checks": [["Smart", 3],["Strong",7]] 
	   
   },

   
   {  
      "Name": "Explore the southern shores",
	   "Description": "The southern shores have been hit by a pretty bad storm and we have lost contact with the harbor there.
	   venture out there and make sure eveyones alright",
	   // Checks
	   "Allegiance": " Tinkerer",
	   "Rival": "Creatures",
	   "Length":5,
	    "Checks": [["Smart", 9]] 
   }, 

    
   {  
     "Name": "Stompin' grounds",
	   "Description": "The orks want your town! But they can't have it
	   show those brutes who's boss",
	   // Checks
	   "Allegiance": "Betterment",
	   "Rival": "Defenders",
	   "Length":7,
	    "Checks": [["Sway", 5],["Strong",6],["Sway",5]] 
   },

    
   {  
      "Name": "Explore the haunted house",
	   "Description": "You gotta see some ghosts",
	   // Checks
	   "Allegiance": "Defenders",
	   "Rival": "Tinkerers",
	   "Length":3,
	    "Checks": [["Smart", 8]] 
   }, 

    
   {  
       "Name": "A game of hide and seek",
	   "Description": "Our excentric mayor challenges all the people fo the realm to a game of hide 
	   and seek, a heafty reward for anyone who cannot be found before days end",
	   // Checks
	   "Allegiance": "Betterment",
	   "Rival": "Defenders",
	   "Length":1,
	    "Checks": [["Sneak", 5]] 
   },

   
   {  
   "Name": "Prepare a party",
	   "Description": "Harvest Fest is comming up soon, and the 
	   betterment society would love your help commming up with some family friendly
	   activities for this harvest fest",
	   // Checks
	   "Allegiance": "Betterment",
	   "Rival": "Defenders",
	   "Length":4,
	    "Checks": [["Smart", 3],["Sway",5]] 
   },


   {  
     "Name": "DEBUG FAIL QUEST",
	   "Description": "A PATRON NO MATTER HOW HARD THEY TRY SHOULD FAIL THIS QUEST",
	   // Checks
	   "Allegiance": "Betterment",
	   "Rival": "Defenders",
	   "Length":1,
	    "Checks": [["Smart", 3],["Strong",5]] 
   }

   ],

  "Level1Quests":
  [
       
	   { "Name": "A level one quest",
	   "Description": "You should not see this",
	   // Checks
	   "Allegiance": "Error",
	   "Rival": "Happiness",
	   "Length":1
	   }
  ]

  }

