{


   "Hello":
	{
	"Tough" : ["YO", "*Grunts" , "Hey", "barkeep...", "Ahoy barkeep" ],    
     "Calm " : ["Hello", "Hi", "Good Day", "Hello barkeep"],
    "Noble" : ["Greetings", "Well met", "Good day!"],
    "Booksmart" : ["*does a jig" , "Hello", "*toodles recorder", "Doot"],
	"Evil" : ["Yes" , "Greetings", "* Stares blankly", "Fine Day"],
	"Silent": ["..." , "Hello...", "*Nods"],
	},

    "Talk": 
	{
		"Tough" : ["I'm Tough", "I can lift" , "Gains", " muscle confusion ", "Sup" ],    
     "Calm " : ["Tis a fine day", "workin hard? Or hardly workin?", "Fine bar you got here", "*smiles warmly" ],
    "Noble" : ["So many commoners", "peasant", "pffft"],
    "Booksmart" : ["*Reads a book" , "Quite", "Actually...", "To be fair" ],
	"Evil" : ["EH HE HE" , "*Stares blankly", "EVIL", "Doot"],
	"Silent": ["..." , "uh...", "um..."],
		
	},

	"Rumor":  
	{
	"Tough" : ["Got Somethin' for ya", "Heard somethin you might like" , "Thar be happinins", " Got a job I need doin'"],   
     "Calm " : ["Please see to this", "I heard about...", "I have a job I would like done"],
    "Noble" : ["Attend to this", "Now hear this", "A job for the knaves", "The commoners say..."],
    "Booksmart" : ["I don't have time for..." , "Look after this", "*Do my job"],
	"Evil" : ["By master's wishes" , "For the forces of evil do my bidding", "get 'er done", "Spread chaos"],
	"Silent": ["*Got a job..." , "* pushes slip of paper forward", "do this for me"],
	},
	
	
	"Drink": 
	{
	"Tough" : ["Drink Time!", "*ferece glugs" , "Thanks", "*Roars" ],    
     "Calm " : ["Thank you", "Looks nice!", "Neat"],
    "Noble" : ["Yea verily", "I thank thee"],
    "Booksmart" : ["Coo" , "Drinking makes me feel good"],
	"Evil" : ["AH HA HA HA" , "the spirits do my bidding", "A sign from my gods?"],
	"Silent": ["Thank you.." , "...", "*Sips"],
	},

	"About drunk": 
	{
	 "Tough" : ["HI", "Hello" , "Greetings", " Hi there barkeep", "Ahoy barkeep" ],    
     "Calm " : ["...", "Yo", "Hi", "*smirk", "Sup" ],
    "Noble" : ["Greetings", "Eh he he he", "A warm wizard welcome", "HOI"],
    "Booksmart" : ["*does a jig" , "Hello", "*toodles recorder", "Doot"],
	"Evil" : ["*does a jig" , "Hello", "*toodles recorder", "Doot"],
	"Silent": ["*does a jig" , "Hello", "*toodles recorder", "Doot"],
	},

	"Drunk": 
	{
	"Tough" : ["Drink Time!", "Hello" , "Greetings", " Hi there barkeep", "Ahoy barkeep" ],    
     "Calm " : ["...", "Yo", "Hi", "*smirk", "Sup" ],
    "Noble" : ["Greetings", "Eh he he he", "A warm wizard welcome", "HOI"],
    "Booksmart" : ["*does a jig" , "Hello", "*toodles recorder", "Doot"],
	"Evil" : ["*does a jig" , "Hello", "*toodles recorder", "Doot"],
	"Silent": ["*does a jig" , "Hello", "*toodles recorder", "Doot"],
	}, 

	"Go On Quest":
	{
	"Tough" : ["All right! Fight Time!", "To victory" , "A test of skill!", "Finally! I was startin' to get bored", "What you got for me?" ],    
     "Calm " : ["Time for a quest", "What needs to be done?", "How can I help", "Excited to go on a quest"],
    "Noble" : ["Forward", "For the cause!", "By my honor I shall not fail", "Sally forth"],
    "Booksmart" : ["*A test of my knowlage" , "A challenge at last", "A quest? How droll"],
	"Evil" : ["Yes" , "Choose me", "*Chaos reigns", "What is your bidding?"],
	"Silent": ["I'm listining..." , "I'll get it done", "No job is too hard", "..."],
	}, 

	"Decline":
	{
	 "Tough" : ["HI", "Hello" , "Greetings", " Hi there barkeep", "Ahoy barkeep" ],    
     "Calm " : ["...", "Yo", "Hi", "*smirk", "Sup" ],
    "Noble" : ["Greetings", "Eh he he he", "A warm wizard welcome", "HOI"],
    "Booksmart" : ["*does a jig" , "Hello", "*toodles recorder", "Doot"],
	"Evil" : ["*does a jig" , "Hello", "*toodles recorder", "Doot"],
	"Silent": ["*does a jig" , "Hello", "*toodles recorder", "Doot"],
	}, 

	"Accept":
	{
	"Tough" : ["HI", "Hello" , "Greetings", " Hi there barkeep", "Ahoy barkeep" ],    
     "Calm " : ["...", "Yo", "Hi", "*smirk", "Sup" ],
    "Noble" : ["Greetings", "Eh he he he", "A warm wizard welcome", "HOI"],
    "Booksmart" : ["*does a jig" , "Hello", "*toodles recorder", "Doot"],
	"Evil" : ["*does a jig" , "Hello", "*toodles recorder", "Doot"],
	"Silent": ["*does a jig" , "Hello", "*toodles recorder", "Doot"],
	},

	"Exit":
	{
	"Tough" : ["HI", "Hello" , "Greetings", " Hi there barkeep", "Ahoy barkeep" ],    
     "Calm " : ["...", "Yo", "Hi", "*smirk", "Sup" ],
    "Noble" : ["Greetings", "Eh he he he", "A warm wizard welcome", "HOI"],
    "Booksmart" : ["*does a jig" , "Hello", "*toodles recorder", "Doot"],
	"Evil" : ["*does a jig" , "Hello", "*toodles recorder", "Doot"],
	"Silent": ["*does a jig" , "Hello", "*toodles recorder", "Doot"],

	},

	"Order":
	{
	"Tough" : ["BEER", "ALE" , "GROG", "something as strong as I am", "*Roars" ],    
     "Calm " : ["A drink would be fine", "Drink please", "I would like something to drink"],
    "Noble" : ["Whatever swill you have on tap", "commoner drink please", "A round for me"],
    "Booksmart" : ["A drink would be nice" , "Drinking makes me feel good"],
	"Evil" : ["Consider this a devil's cut" , "The root of all evils", "Something that burns please"],
	"Silent": ["A drink please..." , "...", "Can I have a drink..."],

	},

	"Special Order":
	{
	"Tough" : ["HI", "Hello" , "Greetings", " Hi there barkeep", "Ahoy barkeep" ],    
     "Calm " : ["...", "Yo", "Hi", "*smirk", "Sup" ],
    "Noble" : ["Greetings", "Eh he he he", "A warm wizard welcome", "HOI"],
    "Booksmart" : ["*does a jig" , "Hello", "*toodles recorder", "Doot"],
	"Evil" : ["*does a jig" , "Hello", "*toodles recorder", "Doot"],
	"Silent": ["*does a jig" , "Hello", "*toodles recorder", "Doot"],

	},

	"No beer order":
	{
	"Tough" : ["HI", "Hello" , "Greetings", " Hi there barkeep", "Ahoy barkeep" ],    
     "Calm " : ["...", "Yo", "Hi", "*smirk", "Sup" ],
    "Noble" : ["Greetings", "Eh he he he", "A warm wizard welcome", "HOI"],
    "Booksmart" : ["*does a jig" , "Hello", "*toodles recorder", "Doot"],
	"Evil" : ["*does a jig" , "Hello", "*toodles recorder", "Doot"],
	"Silent": ["*does a jig" , "Hello", "*toodles recorder", "Doot"],

	},

	"Triumph":
	{
	"Tough" : ["GG 2 EZ", "I win, you pay me." , "That was a fun one!", " Payday!", "I'm back" ],    
     "Calm " : ["Quest done", "Whats next", "Fun quest", "Ready for the next battle" ],
    "Noble" : ["A wee peasant could have done it", "No match for the highbloods", "The quest is done", "could have done it for sport"],
    "Booksmart" : ["*does a jig" , "Outsmarted", "Done by the book", "Doot"],
	"Evil" : ["One step closer to the end..." , "My power grows", "*toodles recorder", "I am number one"],
	"Silent": ["Get money" , "Done", "jobs done", "Coulden't have gone better"],

	},

	"Fail":
	{
	"Tough" : ["Well that happened..", "Sorry boss" , "Things didn't go so well", "Mission failed" ],    
     "Calm " : ["I couldn't do it", "Sorry", "I failed you", "Well..." ],
    "Noble" : ["I blame you for my shortcomming", "...", "How could I fail?", "Cheaters, all of them"],
    "Booksmart" : ["My calculations failed me" , "Everything is not ok", "What just happend? ", "I feel bad"],
	"Evil" : ["Away to the shadows" , "Uh.. I failed that one on purpose"],
	"Silent": ["..." , "...Sorry", "... I failed"],

	}


}


