{


   "ProtoCharacter":
   {
   	   "Name": "ProtoCharacter",
	   "disciplineType": "Warrior",
	   "gender":"Male",
	   "allicence": "None",
	   "patronsTolerance": "MID",
	   "stats": [ 4, 4, 4, 4],   //strong smart sneak sway
	   "backStory1": "Drank some sanka",
	   "backStory2": "Too hype for me",
	   "backStory3": "The first character I built as a json object",
	   "Patience": "MID",
	   "Disposition": "STALWART"
	   
	  
	   
   },

   "Namesly":
   {  
   "Name": "Namesly",
	   "disciplineType": "Bard",
	   "gender":"Female",
	   "allicence": "Mafia",
	   "patronsTolerance": "HIGH",
	   "stats": [3,3,5,6], 
	   "backStory1": "Got five haircuts at the same time",
	   "backStory2": "Got money",
	   "backStory3": "Buys another strip mall every eighth note",
	   "Patience":"HIGH",
	   "Disposition": "RESERVED"
	   
   }, 

    "Treasure Chipps mc ahoy":
   {  
   "Name": "Treasure Chipps mc ahoy",
	   "disciplineType": "Rogue",
	   "gender":"Female",
	   "allicence": "AA",
	   "patronsTolerance": "LOW",
	   "stats": [4,5,5,3], 
	   "backStory1": "Told you about stairs",
	   "backStory2": "Spun the wheel",
	   "backStory3": "Was careful around friends",
	   "Patience":"LOW",
	   "Disposition": "UPBEAT"
	   
   },

    "Flabber Ghast":
   {  
   "Name": "Flabber Ghats",
	   "disciplineType": "Wizard",
	   "gender":"Male",
	   "allicence": "Corporeal",
	   "patronsTolerance": "NONE",
	   "stats": [2,6,3,4], 
	   "backStory1": "A ghost",
	   "backStory2": "Spooky",
	   "backStory3": "can't drink",
	   "Patience":"HIGH",
	   "Disposition": "DARK"
	   
   }, 

    "Regina Spekktor":
   {  
   "Name": "Regina Spekktor",
	   "disciplineType": "Warrior",
	   "gender":"Female",
	    "allicence": "Daredevil",
	   "patronsTolerance": "HIGH",
	   "stats": [3,5,4,6], 
	   "backStory1": "Loves Paris in the rain",
	   "backStory2": "Belives the most human color is blue",
	   "backStory3": "Wrote a song called Fedelity",
	   "Patience":"HIGH",
	   "Disposition": "STALWART"
	  
   },

    "Ghost Lady":
   {  
   "Name": "Ghost Lady",
	   "disciplineType": "Wizard",
	   "gender":"Female",
	   "allicence": "None",
	   "patronsTolerance": "LOW",
	   "stats": [2,7,4,2], 
	   "backStory1": "Dated the captian of outter space",
	   "backStory2": "is the sister of Regina Spekktor",
	   "backStory3": "Can't hold on to that feelin'. As she is a ghost",
	   "Patience":"MID",
	   "Disposition": "ARROGANT"
	   
   },

"Crendor":
   {  
   "Name": "Crendor",
	   "disciplineType": "Warrior",
	   "gender":"Male",
	   "allicence": "Brewmaster",
	   "patronsTolerance": "NONE",
	   "stats": [7,2,3,4], 
	   "backStory1": "Has a podcast, I think",
	   "backStory2": "The only reason Nathan knows any WoW lore",
	   "backStory3": "Because inside useless things is Treasure",
	   "Patience":"LOW",
	   "Disposition": "RESERVED"
	   
   },

   "Tina":
   {  
   "Name": "Tina Guildenshire",
	   "disciplineType": "Bard",
	   "gender":"Female",
	   "allicence": "Neighborhood",
	   "patronsTolerance": "NONE",
	   "stats": [2,2,5,8], 
	   "backStory1": "Evil",
	   "backStory2": "Bad",
	   "backStory3": "Mean",
	   "Patience":"LOW",
	   "Disposition": "UPBEAT"
	   
   },

    "Profesor noName":
   {  
   "Name": "Profesor noName",
	   "disciplineType": "Wizard",
	   "gender":"Female",
	   "allicence": "College",
	  "patronsTolerance": "LOW",
	   "stats": [3,7,2,4], 
	   "backStory1": "Good",
	   "backStory2": "Nice",
	   "backStory3": "Smart",
	   "Patience":"LOW",
	   "Disposition": "DARK"
	   
   },

    "Terry Fishman":
   {  
   "Name": "Terry Fishman",
	   "disciplineType": "Warrior",
	   "gender":"Male",
	   "allicence": "Evil",
	   "patronsTolerance": "MID",
	   "stats": [5,1,5,1], 
	   "backStory1": "Glub",
	   "backStory2": "Glub",
	   "backStory3": "G1u8",
	   "Patience":"MID",
	   "Disposition": "ARROGANT"
	   
   },

    "Skeletony":
   {  
   "Name": "Skeletony",
	   "disciplineType": "Wizard",
	   "gender":"Male",
	   "allicence": "Archaeological",
	   "patronsTolerance": "HIGH",
	   "stats": [3,6,4,2], 
	   "backStory1": "Skeleton",
	   "backStory2": "Cousin of Rattle me bones",
	   "backStory3": "Refuses any and all wheel spinnery",
	   "Patience":"HIGH",
	   "Disposition": "STALWART"
	   
   },

   "Treeman Twigborne":
   {  
       "Name": "Treeman Twigborne",
	   "disciplineType": "Warrior",
	   "gender":"Male",
	   "allicence": "Nature",
	   "patronsTolerance": "HIGH",
	   "stats": [8,5,1,2], 
	   "backStory1": "Tree",
	   "backStory2": "Shifty",
	   "backStory3": "likes Sunlight",
	   "Patience":"LOW",
	   "Disposition": "RESERVED"
	}

  
}
