{
  
 

   
    "Burn Frankenstine":
   {
   	   "Name": "Burn Frankenstine",
	   "Description": "The corporial want you to burn Frankenstine",
	   "Allegiance": "Corporial",
	   "Rival": "Defenders",
	   "Length":5,
	   "Checks": [["Smart", 3],["Strong",7]],
	   "Rewards": [["ING","RED", 20], ["GOLD","RED", 20], ["ING","BLUE", 20]]
	   
   },

   "Save Frankenstine":
    {
   	   "Name": " Save Frankenstine",
	   "Description": "The Defenders want you to save Frankenstine",
	   "Allegiance": "Defenders",
	   "Rival": "Corporial",
	   "Length":4,
	   "Checks": [["Smart", 7],["Sneek", 5]] ,
	   "Rewards": [["ING","RED", 20]]
   },

   "Dance with Frankenstine":
   {
   	   "Name": " Dance with Frankenstine",
	   "Description": "I want to Dance with Frankenstine",
	   "Allegiance": "Defenders",
	   "Rival": "Corporial",
	   "Length":3,
	   "Checks": [["Sway", 2]] ,
	   "Rewards": [["ING","RED", 20]]
   },

   "The only option is to fight.":
   {
   	   "Name": " The only option is to fight.",
	   "Description": "Gotta go beat up some orks",
	   "Allegiance": "Defenders",
	   "Rival": "Corporial",
	   "Length": 5,
	   "Checks": [["strong", 7]] ,
	   "Rewards": [["ING","RED", 20]]
   },

   "Fight the mummies with fire":
   {
   	   "Name": " Fight the mummies with fire",
	   "Description": "Bandages are flamable, a little fire magic and you should be 
	   able to ... wrap this one up quick!",
	   "Allegiance": "Defenders",
	   "Rival": "Corporial",
	   "Length": 3,
	   "Checks": [["smart", 5]] ,
	   "Rewards": [["ING","RED", 20]]
   },

   "Hunt down the source of the mummies":
    {
   	   "Name": "Hunt down the source of the mummies",
	   "Description": "Where thier smoke, their is a mummy
	   Go to the sandy lands and try to fight the source of 
	   the mummies and end mummy attacks once and for all",
	   "Allegiance": "Defenders",
	   "Rival": "Corporial",
	   "Length": 6,
	   "Checks": [["smart", 5], ["sneak", 5] ["strong",5]] ,
	   "Rewards": [["ING","RED", 20]]
   },

   "Pretend to be mummies so the mummies don't get you":
   {
       "Name": "Pretend to be mummies so the mummies don't get you",
	   "Description": "As a quick bandage to the situation, you could 
	   alwayse dress the down up as mummies",
	   "Allegiance": "Defenders",
	   "Rival": "Corporial",
	   "Length": 2,
	   "Checks": [["smart", 3]] ,
	   "Rewards": [["GOLD","RED", 20]]
   },

   "Play hide and seek":
   {
      "Name": "Play hide and seek",
	   "Description": "Send your sneakiest guy or gal to Go
	   fool the mayor out of some sweet cash",
	   "Allegiance": "Defenders",
	   "Rival": "Corporial",
	   "Length": 1,
	   "Checks": [["sneak", 5]] ,
	   "Rewards": [["ING","RED", 20], ["ING","GREEN", 20]]
   },

   "Go get the treasure":
  {
      "Name": "Go get the treasure",
	   "Description": "Send a team to the underground to go find some gems or something
	   best send a few strong people to defend against what lurks down there",
	   "Allegiance": "Defenders",
	   "Rival": "Corporial",
	   "Length": 3,
	   "Checks": [["smart", 3], ["strong",5]] ,
	   "Rewards": [["GOLD","RED", 20]]
   },

   "Do research on ghosts":
  {
      "Name": "Do research on ghosts",
	   "Description": "Why walk when you can learn that ghosts don't exist.",
	   "Allegiance": "Defenders",
	   "Rival": "Corporial",
	   "Length": 2,
	   "Checks": [["smart", 7]] ,
	   "Rewards": [["GOLD","RED", 20]]
   },

   " Prepare for a fight with ghosts":
   {
      "Name": " Prepare for a fight with ghosts",
	   "Description": "Hi- Yaaaa!",
	   "Allegiance": "Defenders",
	   "Rival": "Corporial",
	   "Length": 4,
	   "Checks": [["strong", 7], ["strong",5]] ,
	   "Rewards": [["ING","BLUE", 20]]
   },

   "Sneak into the house for some awsome recon":
    {
      "Name": "Sneak into the house for some awsome recon",
	   "Description": "you have to be even sneakier than ghosts in order to
	   spy on them!",
	   "Allegiance": "Defenders",
	   "Rival": "Corporial",
	   "Length": 4,
	   "Checks": [["sneak", 7], ["sneak",2]] ,
	   "Rewards": [["ING","RED", 20],["GOLD","RED", 20]]
   },
  }

