{


   "DarrenHoward": 
   {
         "Rumor Offering": ["Umm...so while I was out doing research I overheard something that might interest you..." , "I found this out and thought I should tell you, Hopefully its not useless..." ],
	 "Quest Return Line": ["Umm, I'm back from that job you sent me on..."],
	  "Chain Quest Return Line": ["So uhh, I'm back from that job, but it looks like theres more trouble..."],
      "Drink Request Line":[ "Just...one couldn't hurt, right? I'll try" ],
      "Adventure Request Line": ["I could use a little extra coin to help with my research. Got a job for me? But nothing scary please..."],
      "Small Talk Lines": ["Umm..." ,"Uh, hello..." , "..." ],
	  "About To Leave Line": ["FPO: ABOUT TO LEAVE LINE"]
   },

   "HermiasThornheart": 
   {"Rumor Offering": ["So... I have information that may interest you...", "Us... folk of the night hear many things..."],
	 "Quest Return Line": ["What a strange turn of events... I've worked up a thirst."],
	  "Chain Quest Return Line": ["An interesting job, to be sure, but let me tell you about this..."],
      "Drink Request Line":[ "Bartender, I'm feeling... parched. May I have" ],
      "Adventure Request Line": ["You have any work for me?"],
      "Small Talk Lines": ["Hello..." ,"..." ],
	  "About To Leave Line": ["FPO: ABOUT TO LEAVE LINE"]
   },

   "Furbrow": 
   {
         "Rumor Offering": ["Alrighty, picture this..." , "Snapped somethin ya might wanna see."],
	 "Quest Return Line": ["Back in a snap! Hehe, get it?"],
	  "Chain Quest Return Line": ["Looks like mah adventures are on a 'roll'."],
      "Drink Request Line":[ "Could ya shoot me" ],
      "Adventure Request Line": ["The world needs perservin' and thats where ah step in!"],
      "Small Talk Lines": ["Them archema-what 'cha-call ems dont seem ta understand that perservin's all about fighin' time 'erself." ,"All em faction leaders should take a moment ta look at th' view." , "Ever gone on any adventures yerself? Though ah suppose this place 'eres an adventure every day." ],
	  "About To Leave Line": ["FPO: ABOUT TO LEAVE LINE"]
   },

   "Gem":  
   {
        "Rumor Offering": ["I shouldn't tell you this, but I want to."],
	 "Quest Return Line": ["I did the best I can. Can I keep some of it?"],
	  "Chain Quest Return Line": ["I found a lot when I was out. Not just things."],
      "Drink Request Line":[ "Can I have" ],
      "Adventure Request Line": ["Ready to go!"],
      "Small Talk Lines": ["People say some strangers on the streets are dangerous and mean, but they're nice to me... and I'm also on the street." ,"Some people want a lot of money, and they dont even need it. I need money, and I dont want it. Why do I have to need it?" , "If I was mayor, everyone would get chocolate. That way, no one would be hungry, and everyone would be happy." ],
	  "About To Leave Line": ["FPO: ABOUT TO LEAVE LINE"]
   },


  "Astur":  
   {

    "Rumor Offering": ["I was on my way here when I heard a crowd of people whispering about a job. Here, you might want to hear this too." , "Listen to this, it might interest you."],
	 "Quest Return Line": ["I have returned. I feel with each mission I'm getting stronger"],
	  "Chain Quest Return Line": ["When I was out on the quest you gave me, I came across something else. Here"],
      "Drink Request Line":[ "I don't drink very often, but I'll have" ],
      "Adventure Request Line": ["I'm feeling up for a quest, barkeep. Please, send me out."],
      "Small Talk Lines": ["I never imagined being able to do this kind of work. I feel right being here" ,"Ida would have loved this kind of place... so homey and warm." , "I feel everyones eyes on me, I'm not here for show." ],
	  "About To Leave Line": ["FPO: ABOUT TO LEAVE LINE"]
        
   },



   "Old Man Horace":  
  {
       "Rumor Offering": ["I got a real humdinger of a story for ya.", "Sounds like there's a real commotion going on."],
	 "Quest Return Line": ["Shoemakings got nothing on adventuring, I've been missing out all these years!"],
	  "Chain Quest Return Line": ["There's this thing I heard about... what was it again? Oh yea!"],
      "Drink Request Line":[ "Hey youngster! Can I have..." ],
      "Adventure Request Line": ["What adventure will await old man Horace this time?"],
      "Small Talk Lines": ["Ya know, back in my day, monsters were meaner, scarier and had teeth as long as yer arms!" ,"Yes sirree, the adventurer's life is the life for me." , "Treasure, drinks and the open road, what more could ya want?" ],
    "About To Leave Line": [ "Not quite what I asked for, but why don't you give it another go! This old man's got nowhere better to be, anyways- ho ho!" ]
  },


  "Artie":  
   {
         "Rumor Offering": ["Ah yes, one of the citizens I rescued from a violent cutpurse gave me this, I have no need for it, here." , "While I was on my daily patrol around the city, I was stopped by a beautiful woman who offered me a job. It didnt meet my standards, so Ill give it you."],
	 "Quest Return Line": ["That quest was far too easy, can you at least try to give me something a little harder? No matter, I have returned!"],
	  "Chain Quest Return Line": ["Oh while I was out, I stumbled upon something you might wanna hear."],
      "Drink Request Line":[ "Its been a long hard day of adventuring for me, barkeep. Give your pal Dominik" ],
      "Adventure Request Line": ["Barkeep! Dont keep me waiting, I know you got a quest for me."],
      "Small Talk Lines": ["That dwarf over there thinks he can beat me in a hunt. Pft, yeah right." ,"Confound it I forgot to polish my boots before I left the house today." , "This tavern is dirty and full of unworthy vagrants, Im the only one with actual class here" ],
    "About To Leave Line": [ "That's ok, pal! I ain't gonna bash ya over the head for a wrong order! U-um, not that I'd do that anyways!" ]
   },


   "Deidre Downton":  
   {
     "Rumor Offering": ["Heheheh... An old crone like me has her ways of knowing things...", "Hehe... I did some scrying today� Want to know what I saw, heheheh?"],
	 "Quest Return Line": ["An old witch like me ought not be out running errands like this�"],
	  "Chain Quest Return Line": ["You learn many things when out wandering, dont you agree, heheheh?"],
      "Drink Request Line":[ "Heheheh, I'd like" ],
      "Adventure Request Line": ["Any work for old Deirdre, barkeep?"],
      "Small Talk Lines": ["Heheheh..." ,"Your brewing may be nothing to sneeze at, but theres no beating my potions, bartender." , "Mind if an old crone rests her bones here awhile?" ],
	  "About To Leave Line": ["Wrong drink, dearie... but I won't hold it against you. You're just too cute! Eheheheheh~"]
   }, 

   "Harlow Holloway": 
   {
         "Rumor Offering": ["The Damsels might know some things, ya?", "Harlow have rumor for you!", ],
	 "Quest Return Line": ["Ah, such adventure! Harlow is pleased."],
	  "Chain Quest Return Line": ["HAHA! On Harlows journey, Harlow hear something that might interest you!"],
      "Drink Request Line":[ "Little Barkeep! Bring Harlow" ],
      "Adventure Request Line": ["Any work for Harlow, Barkeep?"],
      "Small Talk Lines": ["Hullo, little barkeep!" ,"Ach, Harlow is missing sweet leetle husband, back in home land!" , "Is Harlow's duty to help those in need!" ],
	  "About To Leave Line": ["FPO: ABOUT TO LEAVE LINE"]
   },

 "Jim":
   {
    "Rumor Offering":["Have something that might interest you, kid"],
	 "Quest Return Line": ["I have a bit of swing in me yet!"],
	  "Chain Quest Return Line": ["Out of the brew and into the brewing stand"],
    "Drink Request Line": [ "I'm sure your parents have a recipe book lying around if you forgot how to make " ],
      "Adventure Request Line": ["Gotta keep maintain your youth doing something! Have anything for me?"],
    "Small Talk Lines": [ "*sluuurp*", "Ah! Kid, you do your parents proud", "Reminds me of my old days in Vallhalla" ],
	  "About To Leave Line": ["Well now, I didn't expect you to pick up the reins so quickly!", "You still there, kid? Click on me if you are...", "Hmm... that's not quite it. Look at the recipe book for reference!"]
   }

}


