{




  "Hi There Darren!": {
    "Name": "Hi There Darren!",
    "Description": "Darren wants some information on the spire! Send someone to help. This person should be pretty smart!",
    "Allegiance": "NONE",
    "Rival": "NONE",
    "Checks": [ [ "Smart", 5 ] ],
    "Rewards": [
      [ "ING", "RED", 10 ],
      [ "GOLD", "RED", 50 ],
      [ "PTS", "COLLEGE", 10 ]
    ],
    "EXP": 10,
    "PatronReward": [],
    "QuestChains": [ [ "both", "FPO unlockable demo" ] ],
    "TownEvents": [],
    "locationsUnlocked": [],
    "conversationsUnlocked": [ [ "both", "DarrenHoward", "DarrenThankYou" ] ],
    "Location": "HOME",
    "MaxPatron": 1,
    "DaysToCompleteQuest": 5
  },

  "How are you Darren?": {
    "Name": "How are you Darren?",
    "Description": "Darren is doing alright, but you should probably get him some info on the spire! Send someone strong to carry his books!",
    "Allegiance": "NONE",
    "Rival": "NONE",
    "Checks": [ [ "Strong", 4 ] ],
    "Rewards": [ [ "ING", "BLUE", 20 ] ],
    "EXP": 15,
    "PatronReward": [],
    "QuestChains": [ [ "both", "FPO unlockable demo" ] ],
    "TownEvents": [],
    "locationsUnlocked": [],
    "conversationsUnlocked": [ [ "both", "DarrenHoward", "DarrenThankYou" ] ],
    "Location": "HOME",
    "MaxPatron": 1,
    "DaysToCompleteQuest": 5

  },

  "Say bye to Hermias": {
    "Name": "Say bye to Hermias",
    "Description": "Hermias says she needs to leave on business, Send someone with a high smart to see her off and bid her adieu",
    "Allegiance": "NONE",
    "Rival": "NONE",
    "Checks": [ [ "Smart", 5 ] ],
    "Rewards": [
      [ "ING", "GREEN", 10 ],
      [ "ING", "YELLOW", 10 ]
    ],
    "EXP": 20,
    "PatronReward": [],
    "QuestChains": [ [ "both", "FPO unlockable demo" ] ],
    "TownEvents": [],
    "locationsUnlocked": [],
    "conversationsUnlocked": [ [ "both", "HermiasThornheart", "HermiasGoodBye" ] ],
    "Location": "SOUTH",
    "MaxPatron": 1,
    "DaysToCompleteQuest": 5
  },

  "Ask Furbrow about his camera": {
    "Name": "Ask Furbrow about his camera",
    "Description": " \"Ah yes my camera!\" This is a quotation check",
    "Allegiance": "NONE",
    "Rival": "NONE",
    "Checks": [ [ "Sway", 4 ] ],
    "Rewards": [
      [ "ING", "YELLOW", 10 ],
      [ "PTS", "AA", 10 ]
    ],
    "EXP": 20,
    "PatronReward": [],
    "QuestChains": [ [ "both", "FPO unlockable demo" ] ],
    "TownEvents": [],
    "locationsUnlocked": [],
    "conversationsUnlocked": [ [ "both", "Furbrow", "AboutMyCamera" ] ],
    "Location": "SOUTH_WEST",
    "MaxPatron": 2,
    "DaysToCompleteQuest": 5
  },

  "Introduce Furbrow to Nell": {
    "Name": "Introduce Furbrow to Nell",
    "Description": "The world needs newspapers and newspapers need pictures!",
    "Allegiance": "NONE",
    "Rival": "NONE",
    "Checks": [ [ "Sway", 4 ] ],
    "Rewards": [ [ "GOLD", "YELLOW", 200 ] ],
    "EXP": 15,
    "PatronReward": [],
    "QuestChains": [ [ "both", "FPO unlockable demo" ] ],
    "TownEvents": [],
    "locationsUnlocked": [],
    "conversationsUnlocked": [ [ "both", "Furbrow", "AboutNell" ] ],
    "Location": "EAST",
    "MaxPatron": 1,
    "DaysToCompleteQuest": 5
  },

  "Say hi to gem": {
    "Name": "Say hi to gem",
    "Description": "Gem is smart, no doubt about that, but she wants to get an A on her next Advanced magics exam send someone to help her out. ",
    "Allegiance": "NONE",
    "Rival": "NONE",
    "Checks": [ [ "Smart", 5 ] ],
    "Rewards": [
      [ "ING", "GREEN", 10 ],
      [ "ING", "YELLOW", 10 ]
    ],
    "EXP": 25,
    "PatronReward": [],
    "QuestChains": [ [ "both", "FPO unlockable demo" ] ],
    "TownEvents": [],
    "locationsUnlocked": [],
    "conversationsUnlocked": [ [ "both", "Gem", "IGotAnA" ] ],
    "Location": "EAST",
    "MaxPatron": 1,
    "DaysToCompleteQuest": 5
  },

  "Greet Astur": {
    "Name": "Greet Astur",
    "Description": "Astur could use some help beating up bad guys",
    "Allegiance": "NONE",
    "Rival": "NONE",
    "Checks": [ [ "Strong", 5 ] ],
    "Rewards": [
      [ "ING", "YELLOW", 20 ],
      [ "ING", "BLUE", 20 ],
      [ "GOLD", "BLUE", 50 ]
    ],
    "EXP": 30,
    "PatronReward": [],
    "QuestChains": [ [ "both", "FPO unlockable demo" ] ],
    "TownEvents": [],
    "locationsUnlocked": [],
    "conversationsUnlocked": [],
    "Location": "NORTH_WEST",
    "MaxPatron": 1,
    "DaysToCompleteQuest": 5
  },

  "Suggest that Horace run for mayor": {
    "Name": "Suggest that Horace run for mayor",
    "Description": "\"That's flattering but no\" get someone to sway Horace",
    "Allegiance": "NONE",
    "Rival": "NONE",
    "Checks": [ [ "Sway", 4 ] ],
    "Rewards": [
      [ "ING", "GREEN", 10 ],
      [ "ING", "YELLOW", 10 ],
      [ "PTS", "CORPOREAL", 10 ]
    ],
    "EXP": 5,
    "PatronReward": [],
    "QuestChains": [ [ "both", "FPO unlockable demo" ] ],
    "TownEvents": [],
    "locationsUnlocked": [],
    "conversationsUnlocked": [ [ "both", "Old Man Horace", "MayorTime" ] ],
    "Location": "NORTH",
    "MaxPatron": 1,
    "DaysToCompleteQuest": 5
  },

  "Thank Horace for being such a nice person": {
    "Name": "Thank Horace for being such a nice person",
    "Description": "\"Thankyou, my friend\"",
    "Allegiance": "NONE",
    "Rival": "NONE",
    "Checks": [
      [ "Smart", 5 ],
      [ "Strong", 4 ]
    ],
    "Rewards": [ [ "GOLD", "GOLD", 200 ] ],
    "EXP": 15,
    "PatronReward": [],
    "QuestChains": [ [ "both", "FPO unlockable demo" ] ],
    "TownEvents": [],
    "locationsUnlocked": [],
    "conversationsUnlocked": [ [ "both", "Old Man Horace", "NiceFriend" ] ],
    "Location": "WEST",
    "MaxPatron": 1,
    "DaysToCompleteQuest": 5
  },

  "Say goodbye to Dominik": {
    "Name": "Say goodbye to Dominik",
    "Description": "It's been nice Dominik, but it's time to go!",
    "Allegiance": "NONE",
    "Rival": "NONE",
    "Checks": [ [ "Sway", 3 ] ],
    "Rewards": [
      [ "GOLD", "ANY", 200 ],
      [ "ING", "RED", 15 ],
      [ "ING", "BLUE", 10 ]
    ],
    "EXP": 10,
    "PatronReward": [],
    "QuestChains": [ [ "both", "FPO unlockable demo" ] ],
    "TownEvents": [],
    "locationsUnlocked": [],
    "conversationsUnlocked": [],
    "Location": "SOUTH_EAST",
    "MaxPatron": 1,
    "DaysToCompleteQuest": 5
  },

  "Begrudgingly accept Dierdre to the team": {
    "Name": "Begrudgingly accept Dierdre to the team",
    "Description": " \"The reason why my quest is about fighting antz is because your code is so buggy! \" ",
    "Allegiance": "NONE",
    "Rival": "NONE",
    "Checks": [ [ "Strong", 4 ] ],
    "Rewards": [
      [ "ING", "BLUE", 15 ],
      [ "ING", "GREEN", 15 ],
      [ "PTS", "EYES", 10 ]
    ],
    "EXP": 15,
    "PatronReward": [],
    "QuestChains": [ [ "both", "FPO unlockable demo" ] ],
    "TownEvents": [],
    "locationsUnlocked": [],
    "conversationsUnlocked": [ [ "both", "Deirdre Downton", "Acceptance" ] ],
    "Location": "SOUTH_WEST",
    "MaxPatron": 1,
    "DaysToCompleteQuest": 5
  },

  "Suplex Deirdre": {
    "Name": "Suplex Deirdre",
    "Description": "Get someone strong to Suplex Deirdre",
    "Allegiance": "NONE",
    "Rival": "NONE",
    "Checks": [ [ "strong", 5 ] ],
    "Rewards": [
      [ "ING", "YELLOW", 15 ],
      [ "ING", "RED", 10 ],
      [ "GOLD", "YELLOW", 50 ]
    ],
    "EXP": 10,
    "PatronReward": [],
    "QuestChains": [ [ "both", "FPO unlockable demo" ] ],
    "TownEvents": [],
    "locationsUnlocked": [],
    "conversationsUnlocked": [ [ "both", "Deirdre Downton", "FailedSuplex" ] ],
    "Location": "NORTH_WEST",
    "MaxPatron": 1,
    "DaysToCompleteQuest": 5
  },

  "Bid Harlow a farewell": {
    "Name": "Bid Harlow a farewell",
    "Description": "Bye Harlow, I hope to see you in TOAAA: Desert Stories",
    "Allegiance": "NONE",
    "Rival": "NONE",
    "Checks": [ [ "Smart", 3 ] ],
    "Rewards": [ [ "ING", "BLUE", 30 ] ],
    "EXP": 10,
    "PatronReward": [],
    "QuestChains": [ [ "both", "FPO unlockable demo" ] ],
    "TownEvents": [],
    "locationsUnlocked": [],
    "conversationsUnlocked": [],
    "Location": "HOME",
    "MaxPatron": 1,
    "DaysToCompleteQuest": 5
  },

  "Preach Unto the Masses": {
    "Name": "Preach Unto the Masses",
    "Description": "There's nary a better place to sell than the Grand Market, especially early in the morning. You'll want to secure a good spot before the crowd rolls in, so you won't be ignored amidst the rest of the merchants.",
    "Allegiance": "NONE",
    "Rival": "NONE",
    "Checks": [ [ "Sway", 4 ] ],
    "Rewards": [
      [ "ING", "GREEN", 20 ],
      [ "ING", "BLUE", 20 ],
      [ "GOLD", "BLUE", 100 ]
    ],
    "EXP": 25,
    "PatronReward": [],
    "QuestChains": [ [ "both", "FPO unlockable demo" ] ],
    "TownEvents": [],
    "locationsUnlocked": [],
    "conversationsUnlocked": [],
    "Location": "HOME",
    "MaxPatron": 1,
    "DaysToCompleteQuest": 5
  },

  "Quest for FPO Unlock": {
    "Name": "Dummy Quest",
    "Description": "This is a dummy quest",
    "Allegiance": "NONE",
    "Rival": "NONE",
    "Checks": [ [ "Sway", 4 ] ],
    "Rewards": [
      [ "GOLD", "GREEN", 20 ],
      [ "GOLD", "BLUE", 20 ],
      [ "GOLD", "BLUE", 100 ]
    ],
    "EXP": 25,
    "PatronReward": [],
    "QuestChains": [ [ "both", "FPO unlockable demo" ] ],
    "TownEvents": [],
    "locationsUnlocked": [],
    "conversationsUnlocked": [],
    "Location": "HOME",
    "MaxPatron": 1,
    "DaysToCompleteQuest": 5

  }

