{
  "DarrenHowardRumor": {

    "DarrenTestRumor": {
      "Name": "Hello Darren FPO",
      "Description": "This is an FPO rumor for Darren to test the new conversation system for rumors",
      "Quests": [ "Hi There Darren!", "How are you Darren?" ],
      "RepeatableType": "story"

    }

  },

  "HermiasThornheartRumors": {

    "HermiasThornheartTestRumor": {
      "Name": "Hermias Thornheart FPO",
      "Description": " It is an FPO rumor for HermiasThornheart! I'm not sure if she will be in the final game...",
      "Quests": [ "Say bye to Hermias" ],
      "RepeatableType": "story"

    }

  },

  "FurbrowRumors": {

    "FurbrowTestRumor": {
      "Name": "Furbrow FPO",
      "Description": "Furbrow is one of my favorite characters, it is important that I test his diolouge for this rumor",
      "Quests": [ "Ask Furbrow about his camera", "Introduce Furbrow to Nell" ],
      "RepeatableType": "story"

    }

  },

  "GemRumors": {

    "GemTestRumor": {
      "Name": "Gem FPO",
      "Description": " Gem will be in the final game! I'm like 90% sure....",
      "Quests": [ "Say hi to gem" ],
      "RepeatableType": "story"

    }

  },

  "AsturRumors": {

    "AsturTestRumor": {
      "Name": "Astur FPO",
      "Description": "\" So Astur will be in the final game, and now she has some intresting story to back her up",
      "Quests": [ "Greet Astur" ],
      "RepeatableType": "story"

    }

  },

  "OldManHoraceRumors": {

    "OldManHoraceTestRumor": {
      "Name": "Horace FPO",
      "Description": "\"Despite undergowing some major changes to his character, Horace still remains one of my favorites",
      "Quests": [ "Suggest that Horace run for mayor", "Thank Horace for being such a nice person" ],
      "RepeatableType": "story"

    }

  },

  "DominikCarterRumors": {

    "DominikCarterTestRumor": {
      "Name": "Dominik FPO",
      "Description": "\" He's gone, Dominik is gone",
      "Quests": [ "Say goodbye to Dominik" ],
      "RepeatableType": "story"

    }

  },

  "DeirdreDowntonRumors": {

    "DeirdreTestRumor": {
      "Name": "Deidre FPO",
      "Description": "Well well well, if it isn't my old rival, Dedre Downton, seems you made it this far...",
      "Quests": [ "Begrudgingly accept Dierdre to the team", "Suplex Deirdre" ],
      "RepeatableType": "story"

    }

  },

  "HarlowHollowayRumors": {

    "HarlowTestRumor": {
      "Name": "Harlow FPO",
      "Description": "\" Aww, Deirdre made it , but Harlow didn't , my condolences... but I'm rooting for you come the time for an expansion",
      "Quests": [ "Bid Harlow a farewell" ],
      "RepeatableType": "story"

    }

  },



  "Unlockable Rumors": {


    "FPO unlockable demo": {
      "Name": "Fpo unlockable demo",
      "Description": "A test for unlocking rumors",
      "Quests": [ "Quest for FPO Unlock" ],
      "RepeatableType": "story"

    }



  }


  }

