{
  "DarrenHowardRumor": {

    "DarrenTestRumor": {
      "Name": "DarrenRumor",
      "Description": "This is an FPO rumor for Darren to test the new conversation system for rumors",
      "Quests": [ "Hi There Darren!", "How are you Darren?" ],
      "RepeatableType": "story"

    }

  },

  "HermiasThornheartRumors": {

    "HermiasThornheartTestRumor": {
      "Name": "HermiasRumor",
      "Description": " It is an FPO rumor for HermiasThornheart! I'm not sure if she will be in the final game...",
      "Quests": [ "Say bye to Hermias" ],
      "RepeatableType": "story"

    }

  },

  "FurbrowRumors": {

    "FurbrowTestRumor": {
      "Name": "FurbrowRumor",
      "Description": "Furbrow is one of my favorite characters, it is important that I test his diolouge for this rumor",
      "Quests": [ "Ask Furbrow about his camera", "Introduce Furbrow to Nell" ],
      "RepeatableType": "story"

    }

  },

  "NellRumors": {

    "NellTestRumor": {
      "Name": "NellRumor",
      "Description": "Nell rumor",
      "Quests": [ "Say hi to Nell" ],
      "RepeatableType": "story"

    }

  },

  "AsturRumors": {

    "AsturTestRumor": {
      "Name": "AsturRumor",
      "Description": "\" So Astur will be in the final game, and now she has some intresting story to back her up",
      "Quests": [ "Greet Astur" ],
      "RepeatableType": "story"

    }

  },

  "OldManHoraceRumors": {

    "OldManHoraceRumor": {
      "Name": "HoraceRumor",
      "Description": "\"Despite undergowing some major changes to his character, Horace still remains one of my favorites",
      "Quests": [ "Suggest that Horace run for mayor", "Thank Horace for being such a nice person" ],
      "RepeatableType": "story"

    }

  },

  "ArtieRumors": {

    "ArtieTestRumor": {
      "Name": "ArtieRumor",
      "Description": "\" He's gone, Dominik is gone",
      "Quests": [ "Say Hi to Artie" ],
      "RepeatableType": "story"

    }

  },

  "DeirdreDowntonRumors": {

    "DeirdreTestRumor": {
      "Name": "DeidreRumor",
      "Description": "Well well well, if it isn't my old rival, Dedre Downton, seems you made it this far...",
      "Quests": [ "Begrudgingly accept Dierdre to the team", "Suplex Deirdre" ],
      "RepeatableType": "story"

    }

  },

  "HarlowHollowayRumors": {

    "HarlowTestRumor": {
      "Name": "HarlowRumor",
      "Description": "\" Aww, Deirdre made it , but Harlow didn't , my condolences... but I'm rooting for you come the time for an expansion",
      "Quests": [ "Bid Harlow a farewell" ],
      "RepeatableType": "story"

    }

  },

  "JimRumors": {

    "JimTestRumor": {
      "Name": "Jim FPO",
      "Description": "Jim tutorial goes here",
      "Quests": [ "FPO_JIM_QUEST" ],
      "RepeatableType": "story"

    }
  },



    "Unlockable Rumors": {


      "FPO unlockable demo": {
        "Name": "Fpo unlockable demo",
        "Description": "A test for unlocking rumors",
        "Quests": [ "Quest for FPO Unlock" ],
        "RepeatableType": "story"

      }



    }


  }

